﻿{"cameraMode":{"drawMode":0,"name":"Shaded","section":"Shading Mode"},"sceneLighting":true,"audioPlay":false,"sceneViewState":{"showFog":true,"showMaterialUpdate":true,"showSkybox":true,"showFlares":true,"showImageEffects":true,"showParticleSystems":true},"in2DMode":false,"pivot":{"x":78.80845642089844,"y":27.881439208984376,"z":-16.147506713867189},"rotation":{"x":-0.3798477053642273,"y":0.3111817538738251,"z":-0.13740643858909608,"w":-0.8602331876754761},"size":624.994140625,"orthographic":false}