﻿{"cameraMode":{"drawMode":0,"name":"Shaded","section":"Shading Mode"},"sceneLighting":true,"audioPlay":false,"sceneViewState":{"showFog":true,"showMaterialUpdate":true,"showSkybox":true,"showFlares":true,"showImageEffects":true,"showParticleSystems":true},"in2DMode":false,"pivot":{"x":-45.69517517089844,"y":77.42221069335938,"z":144.7283935546875},"rotation":{"x":0.0005493235075846314,"y":0.9287254214286804,"z":-0.3707653880119324,"w":0.0013767968630418182},"size":380.2542419433594,"orthographic":false}