﻿{"cameraMode":{"drawMode":0,"name":"Shaded","section":"Shading Mode"},"sceneLighting":true,"audioPlay":false,"sceneViewState":{"showFog":true,"showMaterialUpdate":true,"showSkybox":true,"showFlares":true,"showImageEffects":true,"showParticleSystems":true},"in2DMode":false,"pivot":{"x":516.2503051757813,"y":269.140380859375,"z":-231.4383544921875},"rotation":{"x":0.0003339408722240478,"y":0.07374833524227143,"z":-0.000024852410206221975,"w":0.9972768425941467},"size":688.535400390625,"orthographic":false}