﻿{"cameraMode":{"drawMode":0,"name":"Shaded","section":"Shading Mode"},"sceneLighting":false,"audioPlay":false,"sceneViewState":{"showFog":true,"showMaterialUpdate":true,"showSkybox":true,"showFlares":true,"showImageEffects":true,"showParticleSystems":true},"in2DMode":false,"pivot":{"x":-0.1563785970211029,"y":44.89833068847656,"z":-251.03079223632813},"rotation":{"x":-0.14197465777397157,"y":0.07031464576721192,"z":-0.010110577568411827,"w":-0.9873180389404297},"size":3.9637949466705324,"orthographic":false}