﻿{"cameraMode":{"drawMode":0,"name":"Shaded","section":"Shading Mode"},"sceneLighting":true,"audioPlay":false,"sceneViewState":{"showFog":true,"showMaterialUpdate":true,"showSkybox":true,"showFlares":true,"showImageEffects":true,"showParticleSystems":true},"in2DMode":false,"pivot":{"x":37.32791519165039,"y":30.322471618652345,"z":-81.12272644042969},"rotation":{"x":-0.24717845022678376,"y":0.08764223754405976,"z":-0.022454917430877687,"w":-0.964737057685852},"size":369.9820556640625,"orthographic":false}